{"properties": [
  {
    "name": "spring.eureka",
    "type": "java.lang.String",
    "description": "A description for 'spring.eureka'"
  },
  {
    "name": "spring.client.register-with-eureka",
    "type": "java.lang.String",
    "description": "A description for 'spring.client.register-with-eureka'"
  },
  {
    "name": "spring.instance.hostname",
    "type": "java.lang.String",
    "description": "A description for 'spring.instance.hostname'"
  },
  {
    "name": "spring.client.fetch-registry",
    "type": "java.lang.String",
    "description": "A description for 'spring.client.fetch-registry'"
  },
  {
    "name": "spring.client.service-url.default-zone",
    "type": "java.lang.String",
    "description": "A description for 'spring.client.service-url.default-zone'"
  },
  {
    "name": "'spring.mvc.pathmatch.matching-strategy",
    "type": "java.lang.String",
    "description": "A description for ''spring.mvc.pathmatch.matching-strategy'"
  }
]}