{"properties": [
  {
    "name": "eureka.client.register-with-eureka",
    "type": "java.lang.String",
    "description": "A description for 'eureka.client.register-with-eureka'"
  },
  {
    "name": "eureka.client.fetch-registry",
    "type": "java.lang.String",
    "description": "A description for 'eureka.client.fetch-registry'"
  },
  {
    "name": "eureka.client.service-url.default-zone",
    "type": "java.lang.String",
    "description": "A description for 'eureka.client.service-url.default-zone'"
  },
  {
    "name": "eureka.instance.hostname",
    "type": "java.lang.String",
    "description": "A description for 'eureka.instance.hostname'"
  },
  {
    "name": "springdoc.swagger-ui.path",
    "type": "java.lang.String",
    "description": "A description for 'springdoc.swagger-ui.path'"
  },
  {
    "name": "'spring.mvc.pathmatch.matching-strategy",
    "type": "java.lang.String",
    "description": "A description for ''spring.mvc.pathmatch.matching-strategy'"
  },
  {
    "name": "springdoc.api-docs.path",
    "type": "java.lang.String",
    "description": "A description for 'springdoc.api-docs.path'"
  },
  {
    "name": "'spring.mvc.pathmatch.matching-strategy",
    "type": "java.lang.String",
    "description": "A description for ''spring.mvc.pathmatch.matching-strategy'"
  },
  {
    "name": "'spring.mvc.pathmatch.matching-strategy",
    "type": "java.lang.String",
    "description": "A description for ''spring.mvc.pathmatch.matching-strategy'"
  }
]}