{"properties": [
  {
    "name": "eureka.register-with-eureka",
    "type": "java.lang.String",
    "description": "A description for 'eureka.register-with-eureka'"
  },
  {
    "name": "eureka.fetch-registry",
    "type": "java.lang.String",
    "description": "A description for 'eureka.fetch-registry'"
  },
  {
    "name": "eureka.service-url.default-zone",
    "type": "java.lang.String",
    "description": "A description for 'eureka.service-url.default-zone'"
  },
  {
    "name": "eureka.client.register-with-eureka",
    "type": "java.lang.String",
    "description": "A description for 'eureka.client.register-with-eureka'"
  },
  {
    "name": "eureka.client.fetch-registry",
    "type": "java.lang.String",
    "description": "A description for 'eureka.client.fetch-registry'"
  },
  {
    "name": "eureka.client.service-url.default-zone",
    "type": "java.lang.String",
    "description": "A description for 'eureka.client.service-url.default-zone'"
  },
  {
    "name": "eureka.client.instance",
    "type": "java.lang.String",
    "description": "A description for 'eureka.client.instance'"
  },
  {
    "name": "eureka.client.hostname",
    "type": "java.lang.String",
    "description": "A description for 'eureka.client.hostname'"
  },
  {
    "name": "server.application",
    "type": "java.lang.String",
    "description": "A description for 'server.application'"
  },
  {
    "name": "server.spring",
    "type": "java.lang.String",
    "description": "A description for 'server.spring'"
  },
  {
    "name": "server.name",
    "type": "java.lang.String",
    "description": "A description for 'server.name'"
  }
]}